deal,target_name,deal_number,form_type,date_filed,index_url,status
8point3-energy-partners,8POINT3 ENERGY PARTNERS LP,3091348020,DEFM14A,2018-04-06,https://www.sec.gov/Archives/edgar/data/1635581/0001193125-18-110072-index.htm,ok
99-cents-only-stores,99 CENTS ONLY STORES,2351701020,DEFM14A,2011-12-12,https://www.sec.gov/Archives/edgar/data/1011290/0001047469-11-010031-index.htm,ok
acacia-communications,ACACIA COMMUNICATIONS INC,3426694020,DEFM14A,2019-08-07,https://www.sec.gov/Archives/edgar/data/1651235/0001193125-19-215521-index.htm,ok
achillion-pharmaceuticals,ACHILLION PHARMACEUTICALS INC,3466471020,DEFM14A,2019-11-21,https://www.sec.gov/Archives/edgar/data/1070336/0001193125-19-297694-index.htm,ok
adams-golf,ADAMS GOLF INC,2397925020,DEFM14A,2012-05-04,https://www.sec.gov/Archives/edgar/data/1059763/0001193125-12-212341-index.htm,ok
adept-technology,ADEPT TECHNOLOGY INC,2801966020,SC TO-T,2015-09-23,https://www.sec.gov/Archives/edgar/data/865415/0001047469-15-007494-index.htm,ok
adesto-technologies,ADESTO TECHNOLOGIES CORP,3516740020,DEFM14A,2020-03-27,https://www.sec.gov/Archives/edgar/data/1395848/0001047469-20-001880-index.htm,ok
adt,A D T CORP,2920809020,DEFM14A,2016-03-25,https://www.sec.gov/Archives/edgar/data/1546640/0001193125-16-517524-index.htm,ok
advent-software,ADVENT SOFTWARE INC,2719314020,DEFM14A,2015-03-03,https://www.sec.gov/Archives/edgar/data/1002225/0001047469-15-001593-index.htm,ok
affymetrix,AFFYMETRIX INC,2891630020,DEFM14A,2016-02-24,https://www.sec.gov/Archives/edgar/data/913077/0001193125-16-475795-index.htm,ok
alaska-communications-sys-grp-in,ALASKA COMMUNICATIONS SYS GRP IN,3683873020,DEFM14A,2021-02-09,https://www.sec.gov/Archives/edgar/data/1089511/0001193125-21-034247-index.htm,review: 1 usable of 2 links
alere,ALERE INC,2915628020,DEFM14A,2016-09-26,https://www.sec.gov/Archives/edgar/data/1145460/0001193125-16-718754-index.htm,ok
allied-healthcare-intl,ALLIED HEALTHCARE INTL INC,2333618020,DEFM14A,2011-09-21,https://www.sec.gov/Archives/edgar/data/890634/0000950123-11-085678-index.htm,ok
allos-therapeutics,ALLOS THERAPEUTICS,2403781020,DEFM14A,2011-09-15,,review: 0 usable of 1 links
alteva,ALTEVA,2797424020,DEFM14A,2015-10-07,https://www.sec.gov/Archives/edgar/data/104777/0001104659-15-069663-index.htm,ok
american-dental-partners,AMERICAN DENTAL PARTNERS INC,2359960020,DEFM14A,2011-12-20,https://www.sec.gov/Archives/edgar/data/1028087/0001193125-11-346991-index.htm,ok
american-medical-alert,AMERICAN MEDICAL ALERT CORP,2347384020,DEFM14A,2011-11-17,https://www.sec.gov/Archives/edgar/data/700721/0001144204-11-065623-index.htm,ok
american-science-engr,AMERICAN SCIENCE & ENGR INC,2974207020,DEFM14A,2016-07-15,https://www.sec.gov/Archives/edgar/data/5768/0001047469-16-014325-index.htm,ok
ameristar-casinos,AMERISTAR CASINOS INC,2480227020,DEFM14A,2013-03-25,https://www.sec.gov/Archives/edgar/data/912145/0001047469-13-003323-index.htm,ok
analogic,ANALOGIC CORP,3233404020,DEFM14A,2018-05-16,https://www.sec.gov/Archives/edgar/data/6284/0001193125-18-165378-index.htm,ok
analysts-international,ANALYSTS INTERNATIONAL CORP,2561837020,SC TO-T,2013-09-03,https://www.sec.gov/Archives/edgar/data/6292/0001571049-13-000700-index.htm,ok
anaren,ANAREN INC,2580801020,DEFM14A,2013-12-20,https://www.sec.gov/Archives/edgar/data/6314/0001437749-13-016298-index.htm,ok
ancestry-com,ANCESTRY COM INC,2422194020,DEFM14A,2012-11-30,https://www.sec.gov/Archives/edgar/data/1469433/0001193125-12-487822-index.htm,ok
anixter-international,ANIXTER INTERNATIONAL INC,3494334020,DEFM14A,2020-01-03,https://www.sec.gov/Archives/edgar/data/52795/0001193125-20-000960-index.htm,ok
answers,ANSWERS CORP,2277358020,DEFM14A,2011-02-28,https://www.sec.gov/Archives/edgar/data/1283073/0001188112-11-000416-index.htm,ok
apac-customer-services,A P A C CUSTOMER SERVICES INC,2326656020,DEFM14A,2011-09-15,https://www.sec.gov/Archives/edgar/data/949297/0000950123-11-084703-index.htm,ok
apollo-education-group,APOLLO EDUCATION GROUP INC,2892107020,DEFM14A,2016-03-23,https://www.sec.gov/Archives/edgar/data/929887/0001193125-16-514046-index.htm,ok
applied-signal-technology,APPLIED SIGNAL TECHNOLOGY,2232777020,PREM14A,2011-01-18,https://www.sec.gov/Archives/edgar/data/741696/0000950123-11-003087-index.htm,ok
apptio,APPTIO INC,3308171020,DEFM14A,2018-12-10,https://www.sec.gov/Archives/edgar/data/1419625/0001193125-18-345430-index.htm,ok
arbitron,ARBITRON INC,2478767020,DEFM14A,2013-03-13,https://www.sec.gov/Archives/edgar/data/109758/0001193125-13-105437-index.htm,ok
archipelago-learning,ARCHIPELAGO LEARNING INC,2394007020,DEFM14A,2012-04-13,https://www.sec.gov/Archives/edgar/data/1470699/0001193125-12-162558-index.htm,ok
ardea-biosciences,ARDEA BIOSCIENCES INC,2407908020,DEFM14A,2012-05-21,https://www.sec.gov/Archives/edgar/data/1103390/0001193125-12-240706-index.htm,ok
arena-pharmaceuticals,ARENA PHARMACEUTICALS INC,3845384020,DEFM14A,2022-01-03,https://www.sec.gov/Archives/edgar/data/1080709/0001140361-22-000190-index.htm,ok
ari-network-services,A R I NETWORK SERVICES INC,3117739020,DEFM14A,2017-07-31,https://www.sec.gov/Archives/edgar/data/879796/0000930413-17-002760-index.htm,ok
art-technology-group,ART TECHNOLOGY GROUP INC,2235458020,DEFM14A,2010-11-29,https://www.sec.gov/Archives/edgar/data/1086195/0000950123-10-109367-index.htm,ok
arthrocare,ARTHROCARE CORP,2606595020,DEFM14A,2014-04-03,https://www.sec.gov/Archives/edgar/data/1005010/0001047469-14-003361-index.htm,ok
at-home-group,AT HOME GROUP INC,3381205020,PREM14A,2021-06-02,https://www.sec.gov/Archives/edgar/data/1646228/0001104659-21-075376-index.htm,ok
atmi,ATMI INC,2607013020,DEFM14A,2014-03-12,https://www.sec.gov/Archives/edgar/data/1041577/0001193125-14-094262-index.htm,ok
axiall,AXIALL CORP,2913737020,DEFM14A,2012-12-06,,review: 0 usable of 1 links
baldwin-technology,BALDWIN TECHNOLOGY CO INC,2374395020,DEFM14A,2012-02-16,https://www.sec.gov/Archives/edgar/data/805792/0001206774-12-000638-index.htm,ok
barracuda-networks,BARRACUDA NETWORKS INC,2916384020,DEFM14A,2018-01-09,https://www.sec.gov/Archives/edgar/data/1348334/0001193125-18-007375-index.htm,ok
barry-rg-corp-ohio,BARRY R G CORP OHIO,2566108020,DEFM14A,2014-08-01,https://www.sec.gov/Archives/edgar/data/749872/0001193125-14-291697-index.htm,ok
bazaarvoice,BAZAARVOICE INC,3182565020,DEFM14A,2017-12-26,https://www.sec.gov/Archives/edgar/data/1330421/0001193125-17-378789-index.htm,ok
beam,BEAM INC,2600981020,DEFM14A,2014-02-19,https://www.sec.gov/Archives/edgar/data/789073/0001193125-14-058774-index.htm,ok
belo,BELO CORP,2529718020,DEFM14A,2013-08-21,https://www.sec.gov/Archives/edgar/data/356080/0001193125-13-342196-index.htm,ok
benihana,BENIHANA INC,2417517020,DEFM14A,2012-07-26,https://www.sec.gov/Archives/edgar/data/935226/0001047469-12-007460-index.htm,ok
bidz-com,BIDZ COM INC,2416098020,DEFM14A,2012-08-27,https://www.sec.gov/Archives/edgar/data/1324105/0001047469-12-008523-index.htm,ok
bioclinica,BIOCLINICA INC,2491644020,PREM14A,2013-03-01,https://www.sec.gov/Archives/edgar/data/822418/0001047469-13-002076-index.htm,ok
blackboard,BLACKBOARD INC,2325147020,DEFM14A,2011-08-05,https://www.sec.gov/Archives/edgar/data/1106942/0000950123-11-073809-index.htm,ok
blount-international,BLOUNT INTERNATIONAL INC NEW,2838591020,DEFM14A,2016-03-09,https://www.sec.gov/Archives/edgar/data/1001606/0001193125-16-497438-index.htm,ok
blue-coat-systems,BLUE COAT SYSTEMS INC,2369899020,DEFM14A,2012-01-04,https://www.sec.gov/Archives/edgar/data/1095600/0001193125-12-001270-index.htm,ok
blue-nile,BLUE NILE INC,3032703020,DEFM14A,2016-12-28,https://www.sec.gov/Archives/edgar/data/1091171/0001193125-16-804485-index.htm,ok
bmc-software,B M C SOFTWARE INC,2461812020,DEFM14A,2013-06-25,https://www.sec.gov/Archives/edgar/data/835729/0001193125-13-269992-index.htm,ok
bmp-sunstone,B M P SUNSTONE CORP,2234352020,PREM14A,2010-11-24,https://www.sec.gov/Archives/edgar/data/1281696/0001193125-10-268760-index.htm,ok
bojangles,BOJANGLES INC,3306571020,DEFM14A,2018-12-10,https://www.sec.gov/Archives/edgar/data/1630132/0001193125-18-345505-index.htm,ok
bowl-america,BOWL AMERICA INC,3747221020,DEFM14A,2021-07-13,https://www.sec.gov/Archives/edgar/data/13573/0001437749-21-016853-index.htm,ok
bravo-brio-restaurant-group,BRAVO BRIO RESTAURANT GROUP INC,3221611020,DEFM14A,2018-04-18,https://www.sec.gov/Archives/edgar/data/1495479/0001193125-18-121238-index.htm,ok
brightpoint,BRIGHTPOINT INC,2430074020,DEFM14A,2012-08-20,https://www.sec.gov/Archives/edgar/data/918946/0001193125-12-361393-index.htm,ok
brocade-communications-sys,BROCADE COMMUNICATIONS SYS INC,3030905020,DEFM14A,2016-12-20,https://www.sec.gov/Archives/edgar/data/1009626/0001193125-16-797795-index.htm,ok
buckeye-technologies,BUCKEYE TECHNOLOGIES INC,2515874020,DEFM14A,2013-07-09,https://www.sec.gov/Archives/edgar/data/899597/0001193125-13-285118-index.htm,ok
c,C A INC,3266289020,DEFM14A,2018-08-10,https://www.sec.gov/Archives/edgar/data/356028/0001193125-18-246044-index.htm,ok
cabelas,CABELAS INC,2954450020,DEFM14A,2017-06-05,https://www.sec.gov/Archives/edgar/data/1267130/0001193125-17-193609-index.htm,ok
cafepress,CAFEPRESS INC,3294104020,SC TO-T,2018-10-12,https://www.sec.gov/Archives/edgar/data/1117733/0001193125-18-297975-index.htm,ok
cai-international,C A I INTERNATIONAL INC,3757647020,DEFM14A,2021-08-04,https://www.sec.gov/Archives/edgar/data/1388430/0001140361-21-026767-index.htm,ok
carmike-cinemas,CARMIKE CINEMAS INC,2733163020,DEFM14A,2016-05-23,https://www.sec.gov/Archives/edgar/data/799088/0001193125-16-599026-index.htm,ok
cas-medical-systems,C A S MEDICAL SYSTEMS INC,3384620020,DEFM14A,2019-03-13,https://www.sec.gov/Archives/edgar/data/764579/0001144204-19-013709-index.htm,ok
cascade,CASCADE CORP,2461418020,PREM14A,2000-11-21,https://www.sec.gov/Archives/edgar/data/18061/0000912057-00-051104-index.htm,ok
castle-brands,CASTLE BRANDS INC,3446797020,SC TO-T,2019-09-11,https://www.sec.gov/Archives/edgar/data/1311538/0001047469-19-005133-index.htm,ok
catamaran,CATAMARAN CORP,2738592020,DEFM14A,2015-06-08,https://www.sec.gov/Archives/edgar/data/1363851/0001193125-15-216437-index.htm,ok
cbeyond,CBEYOND INC,2630368020,DEFM14A,2014-06-05,https://www.sec.gov/Archives/edgar/data/1205727/0001193125-14-227155-index.htm,ok
central-vermont-pub-svc,CENTRAL VERMONT PUB SVC CORP,2321860020,DEFM14A,2011-08-29,https://www.sec.gov/Archives/edgar/data/18808/0001214659-11-002911-index.htm,ok
cephalon,CEPHALON INC,2305216020,DEFM14A,2011-06-14,https://www.sec.gov/Archives/edgar/data/873364/0001193125-11-164007-index.htm,ok
cepheid,CEPHEID,3002291020,DEFM14A,2016-10-07,https://www.sec.gov/Archives/edgar/data/1037760/0001193125-16-733208-index.htm,ok
checkpoint-systems,CHECKPOINT SYSTEMS INC,2928488020,DEFM14A,2016-04-08,https://www.sec.gov/Archives/edgar/data/215419/0001193125-16-534615-index.htm,ok
chemtura,CHEMTURA CORP,3009853020,DEFM14A,2016-12-23,https://www.sec.gov/Archives/edgar/data/1091862/0001047469-16-017306-index.htm,ok
chindex-intl,CHINDEX INTL INC,2610467020,DEFM14A,2014-08-07,https://www.sec.gov/Archives/edgar/data/922717/0001571049-14-003776-index.htm,ok
civitas-solutions,CIVITAS SOLUTIONS INC,3296542020,DEFM14A,2019-02-14,https://www.sec.gov/Archives/edgar/data/1608638/0001193125-19-039441-index.htm,ok
ckx,C K X INC,2307767020,PREM14A,2008-01-24,,review: 0 usable of 1 links
clark-holdings,CLARK HOLDINGS INC,2341680020,DEFM14A,2011-10-05,https://www.sec.gov/Archives/edgar/data/1338401/0001144204-11-056459-index.htm,ok
cleco,CLECO CORP NEW,2651362020,DEFM14A,2015-01-14,https://www.sec.gov/Archives/edgar/data/1089819/0001193125-15-009682-index.htm,ok
cloudera,CLOUDERA INC,3748100020,DEFM14A,2021-07-19,https://www.sec.gov/Archives/edgar/data/1535379/0001193125-21-218669-index.htm,ok
clubcorp-holdings,CLUBCORP HOLDINGS INC,3060624020,DEFM14A,2017-08-08,https://www.sec.gov/Archives/edgar/data/1577095/0001047469-17-005072-index.htm,ok
collective-brands,COLLECTIVE BRANDS INC,2382542020,DEFM14A,2012-07-19,https://www.sec.gov/Archives/edgar/data/1060232/0001193125-12-307593-index.htm,ok
collectors-universe,COLLECTORS UNIVERSE INC,2056401020,SC TO-T,2020-12-17,https://www.sec.gov/Archives/edgar/data/1089143/0001193125-20-319652-index.htm,ok
command-security,COMMAND SECURITY CORP,3290694020,DEFM14A,2018-11-02,https://www.sec.gov/Archives/edgar/data/864509/0001493152-18-015134-index.htm,ok
commscope,COMMSCOPE INC,2232605020,DEFM14A,2010-12-06,https://www.sec.gov/Archives/edgar/data/1035884/0001193125-10-274584-index.htm,ok
compuware,COMPUWARE CORP,2501560020,DEFM14A,2014-11-04,https://www.sec.gov/Archives/edgar/data/859014/0001193125-14-396215-index.htm,ok
comverge,COMVERGE INC,2400028020,SC TO-T,2012-04-11,https://www.sec.gov/Archives/edgar/data/1372664/0001193125-12-159071-index.htm,ok
conmed-healthcare-management,CONMED HEALTHCARE MANAGEMENT INC,2433903020,DEFM14A,2011-10-25,https://www.sec.gov/Archives/edgar/data/943324/0001144204-11-059106-index.htm,ok
constant-contact,CONSTANT CONTACT INC,2816438020,DEFM14A,2015-12-09,https://www.sec.gov/Archives/edgar/data/1405277/0001193125-15-399052-index.htm,ok
control4,CONTROL4 CORP,3390388020,DEFM14A,2019-06-21,https://www.sec.gov/Archives/edgar/data/1259515/0001047469-19-003780-index.htm,ok
corepoint-lodging,COREPOINT LODGING INC,3824536020,DEFM14A,2022-01-14,https://www.sec.gov/Archives/edgar/data/1707178/0001193125-22-010050-index.htm,ok
costa,COSTA INC,2582793020,DEFM14A,2013-12-20,https://www.sec.gov/Archives/edgar/data/25793/0001193125-13-481022-index.htm,ok
covisint,COVISINT CORP,3111378020,DEFM14A,2017-06-26,https://www.sec.gov/Archives/edgar/data/1563699/0001193125-17-212409-index.htm,ok
cpi-international,C P I INTERNATIONAL INC,2243178020,DEFM14A,2011-01-11,https://www.sec.gov/Archives/edgar/data/1279176/0001047469-11-000072-index.htm,ok
cray,CRAY INC,3394245020,DEFM14A,2019-06-25,https://www.sec.gov/Archives/edgar/data/949158/0001628280-19-008343-index.htm,ok
credo-petroleum,CREDO PETROLEUM CORP,2421499020,DEFM14A,2012-08-10,https://www.sec.gov/Archives/edgar/data/277924/0001047469-12-008080-index.htm,ok
csr,C S R A INC,3212274020,PREM14A,2018-03-13,https://www.sec.gov/Archives/edgar/data/1646383/0001193125-18-079712-index.htm,ok
cst-brands,C S T BRANDS INC,2969654020,DEFM14A,2016-10-11,https://www.sec.gov/Archives/edgar/data/1562039/0001193125-16-734728-index.htm,ok
cvent,CVENT INC,2948219020,DEFM14A,2016-06-09,https://www.sec.gov/Archives/edgar/data/1122897/0001193125-16-617930-index.htm,ok
cypress-semiconductor,CYPRESS SEMICONDUCTOR CORP,3401557020,DEFM14A,2019-07-16,https://www.sec.gov/Archives/edgar/data/791915/0001047469-19-004210-index.htm,ok
cytec-industries,CYTEC INDUSTRIES INC,2780511020,DEFM14A,2015-10-23,https://www.sec.gov/Archives/edgar/data/912513/0001193125-15-352168-index.htm,ok
datalink,DATALINK CORP,3032635020,DEFM14A,2016-11-29,https://www.sec.gov/Archives/edgar/data/1056923/0001047469-16-016984-index.htm,ok
ddi,D D I CORP,2403371020,DEFM14A,2012-04-24,https://www.sec.gov/Archives/edgar/data/1104252/0001193125-12-178700-index.htm,ok
del-monte-foods,DEL MONTE FOODS CO,2240841020,DEFM14A,2011-01-12,https://www.sec.gov/Archives/edgar/data/866873/0001193125-11-006263-index.htm,ok
demandtec,DEMANDTEC INC,2369546020,DEFM14A,2012-01-12,https://www.sec.gov/Archives/edgar/data/1400400/0001047469-12-000136-index.htm,ok
demandware,DEMANDWARE INC,2965642020,SC TO-T,2016-06-10,https://www.sec.gov/Archives/edgar/data/1301031/0001193125-16-618536-index.htm,ok
digital-river,DIGITAL RIVER INC,2688759020,DEFM14A,2015-01-08,https://www.sec.gov/Archives/edgar/data/1062530/0001047469-15-000109-index.htm,ok
diversified-restaurant-hldgs,DIVERSIFIED RESTAURANT HLDGS INC,3475828020,DEFM14A,2019-11-25,https://www.sec.gov/Archives/edgar/data/1394156/0001047469-19-006490-index.htm,ok
dollar-thrifty-automotive-grp-in,DOLLAR THRIFTY AUTOMOTIVE GRP IN,2444725020,DEFM14A,2010-08-17,,review: 0 usable of 3 links
dover-saddlery,DOVER SADDLERY INC,2743341020,DEFM14A,2015-05-04,https://www.sec.gov/Archives/edgar/data/1071625/0001047469-15-004336-index.htm,ok
dreams,DREAMS INC,2406133020,DEFM14A,2012-05-08,https://www.sec.gov/Archives/edgar/data/810829/0001193125-12-215768-index.htm,ok
dresser-rand-group,DRESSER RAND GROUP INC,2676447020,DEFM14A,2014-10-22,https://www.sec.gov/Archives/edgar/data/1316656/0001193125-14-378790-index.htm,ok
drugstore-com,DRUGSTORE COM INC,2293198020,DEFM14A,2011-04-29,https://www.sec.gov/Archives/edgar/data/1086467/0001193125-11-118903-index.htm,ok
dts,D T S INC,3007790020,DEFM14A,2016-10-24,https://www.sec.gov/Archives/edgar/data/1226308/0001193125-16-744017-index.htm,ok
echelon,ECHELON CORP,3262209020,DEFM14A,2018-07-31,https://www.sec.gov/Archives/edgar/data/31347/0001193125-18-232076-index.htm,ok
el-paso-electric,EL PASO ELECTRIC CO,3401769020,DEFM14A,2019-08-02,https://www.sec.gov/Archives/edgar/data/31978/0001140361-19-014051-index.htm,ok
electro-scientific-inds,ELECTRO SCIENTIFIC INDS INC,3304333020,DEFM14A,2018-12-06,https://www.sec.gov/Archives/edgar/data/726514/0001140361-18-044685-index.htm,ok
elizabeth-arden,ELIZABETH ARDEN INC,2972389020,DEFM14A,2016-08-05,https://www.sec.gov/Archives/edgar/data/95052/0001193125-16-673627-index.htm,ok
eloqua,ELOQUA INC,2479774020,DEFM14A,2013-01-18,https://www.sec.gov/Archives/edgar/data/1375271/0001193125-13-017438-index.htm,ok
empire-district-elec,EMPIRE DISTRICT ELEC CO,2919443020,DEFM14A,2016-05-03,https://www.sec.gov/Archives/edgar/data/32689/0001047469-16-012821-index.htm,ok
endocyte,ENDOCYTE INC,3300139020,DEFM14A,2018-11-16,https://www.sec.gov/Archives/edgar/data/1235007/0001047469-18-007270-index.htm,ok
energysolutions,ENERGYSOLUTIONS INC,2484535020,DEFM14A,2013-03-15,https://www.sec.gov/Archives/edgar/data/1393744/0001047469-13-002819-index.htm,ok
epiq-systems,EPIQ SYSTEMS INC,2922736020,DEFM14A,2016-08-24,https://www.sec.gov/Archives/edgar/data/1027207/0001193125-16-690111-index.htm,ok
epocrates,EPOCRATES INC,2484499020,DEFM14A,2013-02-11,https://www.sec.gov/Archives/edgar/data/1096738/0001047469-13-000811-index.htm,ok
eresearchtechnology,ERESEARCHTECHNOLOGY INC,2404497020,DEFM14A,2012-05-21,https://www.sec.gov/Archives/edgar/data/1026650/0001193125-12-242013-index.htm,ok
esterline-technologies,ESTERLINE TECHNOLOGIES CORP,3269691020,DEFM14A,2018-11-30,https://www.sec.gov/Archives/edgar/data/33619/0001193125-18-339843-index.htm,ok
examworks-group,EXAMWORKS GROUP INC,2951832020,DEFM14A,2016-06-23,https://www.sec.gov/Archives/edgar/data/1498021/0001047469-16-013975-index.htm,ok
fei-company,F E I COMPANY,2964120020,DEFM14A,2016-07-27,https://www.sec.gov/Archives/edgar/data/914329/0001193125-16-660103-index.htm,ok
ferro,FERRO CORP,3738846020,DEFM14A,2021-07-23,https://www.sec.gov/Archives/edgar/data/35214/0001193125-21-223139-index.htm,ok
fisher-communications,FISHER COMMUNICATIONS INC,2485836020,DEFM14A,2013-06-24,https://www.sec.gov/Archives/edgar/data/1034669/0001193125-13-269143-index.htm,ok
fitbit,FITBIT INC,3456719020,DEFM14A,2019-12-12,https://www.sec.gov/Archives/edgar/data/1447599/0001628280-19-015006-index.htm,ok
flow-international,FLOW INTERNATIONAL CORP,2570300020,DEFM14A,2013-11-15,https://www.sec.gov/Archives/edgar/data/713002/0001174947-13-000387-index.htm,ok
food-technology-service,FOOD TECHNOLOGY SERVICE INC,2590926020,DEFM14A,2014-01-29,https://www.sec.gov/Archives/edgar/data/868267/0001193125-14-026444-index.htm,ok
fortress-investment-group-llc,FORTRESS INVESTMENT GROUP L L C,3090862020,DEFM14A,2017-06-07,https://www.sec.gov/Archives/edgar/data/1380393/0001193125-17-197197-index.htm,ok
frischs-restaurants,FRISCHS RESTAURANTS INC,2755341020,DEFM14A,2015-08-05,https://www.sec.gov/Archives/edgar/data/39047/0001144204-15-046397-index.htm,ok
fx-energy,FX ENERGY INC,2791322020,DEFM14A,2015-12-21,https://www.sec.gov/Archives/edgar/data/907649/0001047469-15-009321-index.htm,ok
gardner-denver,GARDNER DENVER INC,2462984020,DEFM14A,2013-06-13,https://www.sec.gov/Archives/edgar/data/916459/0001193125-13-257513-index.htm,ok
gen-probe,GEN PROBE INC NEW,2316627020,DEFM14A,2012-06-29,https://www.sec.gov/Archives/edgar/data/820237/0001193125-12-290144-index.htm,ok
genesee-wyoming,GENESEE & WYOMING INC,3364428020,DEFM14A,2019-08-20,https://www.sec.gov/Archives/edgar/data/1012620/0001193125-19-225352-index.htm,review: 1 usable of 2 links; 2 target names
genmark-diagnostics,GENMARK DIAGNOSTICS INC,3711299020,SC TO-T,2021-03-25,https://www.sec.gov/Archives/edgar/data/1487371/0001193125-21-093357-index.htm,review: 2 target names
gerber-scientific,GERBER SCIENTIFIC INC,2318582020,DEFM14A,2011-07-22,https://www.sec.gov/Archives/edgar/data/41133/0000950123-11-067533-index.htm,ok
globecomm-systems,GLOBECOMM SYSTEMS INC,2560834020,DEFM14A,2013-10-21,https://www.sec.gov/Archives/edgar/data/1031028/0001193125-13-405307-index.htm,ok
glu-mobile,GLU MOBILE INC,3695772020,DEFM14A,2021-03-25,https://www.sec.gov/Archives/edgar/data/1366246/0001104659-21-041241-index.htm,ok
goldfield,GOLDFIELD CORP,3667230020,SC TO-T,2020-12-01,https://www.sec.gov/Archives/edgar/data/42316/0001193125-20-306324-index.htm,review: 2 target names
gp-strategies,G P STRATEGIES CORP,3772728020,DEFM14A,2021-08-24,https://www.sec.gov/Archives/edgar/data/70415/0001193125-21-254262-index.htm,ok
habit-restaurants,HABIT RESTAURANTS INC,3498679020,DEFM14A,2020-02-19,https://www.sec.gov/Archives/edgar/data/1617977/0001193125-20-041391-index.htm,ok
harman-intl-inds,HARMAN INTL INDS INC NEW,3035285020,DEFM14A,2017-01-20,https://www.sec.gov/Archives/edgar/data/800459/0001193125-17-014190-index.htm,ok
harris-teeter-supermarkets,HARRIS TEETER SUPERMARKETS INC,2495783020,DEFM14A,2013-08-27,https://www.sec.gov/Archives/edgar/data/85704/0001145443-13-001729-index.htm,ok
hastings-entertainment,HASTINGS ENTERTAINMENT INC,2619203020,DEFM14A,2014-06-16,https://www.sec.gov/Archives/edgar/data/1054579/0001193125-14-237288-index.htm,ok
heelys,HEELYS INC,2475946020,DEFM14A,2012-12-26,https://www.sec.gov/Archives/edgar/data/1373980/0001140361-12-052583-index.htm,ok
hi-tech-pharmacal,HI TECH PHARMACAL CO INC,2561109020,DEFM14A,2013-11-07,https://www.sec.gov/Archives/edgar/data/887497/0001193125-13-433245-index.htm,ok
hms-holdings,H M S HOLDINGS CORP,3676606020,DEFM14A,2021-02-22,https://www.sec.gov/Archives/edgar/data/1196501/0001047469-21-000410-index.htm,ok
hot-topic,HOT TOPIC INC,2502513020,DEFM14A,2013-05-10,https://www.sec.gov/Archives/edgar/data/1017712/0001193125-13-213610-index.htm,ok
iconix-brand-group,ICONIX BRAND GROUP INC,3755288020,SC TO-T,2021-07-02,https://www.sec.gov/Archives/edgar/data/857737/0001104659-21-088757-index.htm,ok
immucor,IMMUCOR INC,2325924020,PREM14A,2011-07-18,https://www.sec.gov/Archives/edgar/data/736822/0001193125-11-189872-index.htm,ok
imperva,IMPERVA INC,3013068020,DEFM14A,2018-12-06,https://www.sec.gov/Archives/edgar/data/1364962/0001193125-18-343681-index.htm,ok
imprivata,IMPRIVATA INC,2983283020,DEFM14A,2016-08-10,https://www.sec.gov/Archives/edgar/data/1328015/0001193125-16-677939-index.htm,ok
incontact,INCONTACT INC,2959756020,DEFM14A,2016-07-12,https://www.sec.gov/Archives/edgar/data/1087934/0001193125-16-646366-index.htm,ok
infoblox,INFOBLOX INC,3007176020,SC TO-T,2016-10-07,https://www.sec.gov/Archives/edgar/data/1223862/0001193125-16-733214-index.htm,review: 2 target names
informatica,INFORMATICA CORP,2718819020,DEFM14A,2015-05-18,https://www.sec.gov/Archives/edgar/data/1080099/0001047469-15-004851-index.htm,ok
ingram-micro,INGRAM MICRO INC,2921555020,DEFM14A,2016-05-19,https://www.sec.gov/Archives/edgar/data/1018003/0001193125-16-596054-index.htm,ok
inhibitex,INHIBITEX INC,2377834020,SC TO-T,2012-01-13,https://www.sec.gov/Archives/edgar/data/1274913/0001193125-12-011988-index.htm,ok
innerworkings,INNERWORKINGS INC,3603919020,DEFM14A,2020-08-21,https://www.sec.gov/Archives/edgar/data/1350381/0001193125-20-227137-index.htm,ok
innophos-holdings,INNOPHOS HOLDINGS INC,3468584020,DEFM14A,2019-12-06,https://www.sec.gov/Archives/edgar/data/1364099/0001193125-19-307511-index.htm,ok
integramed-america,INTEGRAMED AMERICA INC,2423594020,DEFM14A,2012-08-20,https://www.sec.gov/Archives/edgar/data/885988/0000891092-12-004757-index.htm,ok
integrated-device-technology,INTEGRATED DEVICE TECHNOLOGY,3282974020,DEFM14A,2018-12-03,https://www.sec.gov/Archives/edgar/data/703361/0001193125-18-341203-index.htm,ok
integrated-silicon-solution,INTEGRATED SILICON SOLUTION INC,2732444020,DEFM14A,2015-04-27,https://www.sec.gov/Archives/edgar/data/854701/0001193125-15-149470-index.htm,ok
interline-brands,INTERLINE BRANDS INC,2419745020,DEFM14A,2012-08-01,https://www.sec.gov/Archives/edgar/data/1292900/0001047469-12-007622-index.htm,ok
intermec,INTERMEC INC,2475617020,DEFM14A,2013-02-14,https://www.sec.gov/Archives/edgar/data/1044590/0001193125-13-060431-index.htm,ok
intermolecular,INTERMOLECULAR INC,3391695020,DEFM14A,2019-06-12,https://www.sec.gov/Archives/edgar/data/1311241/0001193125-19-170789-index.htm,ok
international-rectifier,INTERNATIONAL RECTIFIER CORP,2666106020,DEFM14A,2014-10-07,https://www.sec.gov/Archives/edgar/data/316793/0001047469-14-008137-index.htm,ok
invensense,INVENSENSE INC,3051241020,DEFM14A,2017-03-28,https://www.sec.gov/Archives/edgar/data/1294924/0001193125-17-099992-index.htm,ok
iparty,IPARTY CORP,2501322020,DEFM14A,2013-04-10,https://www.sec.gov/Archives/edgar/data/1078383/0001047469-13-004201-index.htm,ok
ista-pharmaceuticals,ISTA PHARMACEUTICALS INC,2400222020,DEFM14A,2012-05-04,https://www.sec.gov/Archives/edgar/data/930553/0001193125-12-212207-index.htm,ok
ixia,IXIA,3064117020,DEFM14A,2017-03-14,https://www.sec.gov/Archives/edgar/data/1120295/0001567619-17-000443-index.htm,ok
jda-software-group,J D A SOFTWARE GROUP INC,2463547020,PREM14A,2012-11-21,https://www.sec.gov/Archives/edgar/data/1006892/0001193125-12-478035-index.htm,ok
jones-group,JONES GROUP INC,2536681020,DEFM14A,2014-03-06,https://www.sec.gov/Archives/edgar/data/874016/0001193125-14-086266-index.htm,ok
k-swiss,K SWISS INC,2487771020,DEFM14A,2013-03-14,https://www.sec.gov/Archives/edgar/data/862480/0001437749-13-002873-index.htm,ok
kemet,KEMET CORP,3475448020,DEFM14A,2020-01-14,https://www.sec.gov/Archives/edgar/data/887730/0001206774-20-000096-index.htm,ok
key-technology,KEY TECHNOLOGY INC,3206386020,SC TO-T,2018-02-08,https://www.sec.gov/Archives/edgar/data/906193/0001193125-18-036458-index.htm,review: 2 target names
keynote-systems,KEYNOTE SYSTEMS INC,2532372020,DEFM14A,2013-07-18,https://www.sec.gov/Archives/edgar/data/1032761/0001047469-13-007621-index.htm,ok
kindred-biosciences,KINDRED BIOSCIENCES INC,3756788020,DEFM14A,2021-07-21,https://www.sec.gov/Archives/edgar/data/1561743/0001561743-21-000060-index.htm,ok
kindred-healthcare,KINDRED HEALTHCARE INC,3095968020,DEFM14A,2018-02-21,https://www.sec.gov/Archives/edgar/data/1060009/0001193125-18-051132-index.htm,ok
kinetic-concepts,KINETIC CONCEPTS INC,2328303020,DEFM14A,2011-09-26,https://www.sec.gov/Archives/edgar/data/831967/0001193125-11-264607-index.htm,ok
knology,KNOLOGY INC,2392580020,DEFM14A,2012-05-24,https://www.sec.gov/Archives/edgar/data/1096788/0001193125-12-247034-index.htm,ok
kraton,KRATON CORP,3768076020,DEFM14A,2021-11-04,https://www.sec.gov/Archives/edgar/data/1321646/0001193125-21-320389-index.htm,ok
kythera-biopharmaceuticals,KYTHERA BIOPHARMACEUTICALS INC,2764196020,DEFM14A,2015-08-21,https://www.sec.gov/Archives/edgar/data/1436304/0001047469-15-006949-index.htm,ok
la-barge,LA BARGE INC,2296901020,DEFM14A,2011-05-23,https://www.sec.gov/Archives/edgar/data/57139/0000950123-11-052962-index.htm,ok
landauer,LANDAUER INC,3146627020,SC TO-T,2017-09-20,https://www.sec.gov/Archives/edgar/data/825410/0001193125-17-288879-index.htm,review: 2 target names
lasercard-corporation,LASERCARD CORPORATION,2252150020,SC TO-T,2010-12-22,https://www.sec.gov/Archives/edgar/data/30140/0001193125-10-286721-index.htm,ok
lca-vision,L C A VISION INC,2610709020,DEFM14A,2014-03-24,https://www.sec.gov/Archives/edgar/data/1003130/0001437749-14-004923-index.htm,ok
leaf-group,LEAF GROUP LTD,3722325020,DEFM14A,2021-05-06,https://www.sec.gov/Archives/edgar/data/1365038/0001104659-21-062382-index.htm,ok
lecroy,LECROY CORP,2419794020,DEFM14A,2012-07-05,https://www.sec.gov/Archives/edgar/data/943580/0001193125-12-294117-index.htm,ok
lexmark-international,LEXMARK INTERNATIONAL INC NEW,2896191020,DEFM14A,2016-06-17,https://www.sec.gov/Archives/edgar/data/1001288/0001193125-16-624155-index.htm,ok
liberator-medical-holdings,LIBERATOR MEDICAL HOLDINGS INC,2822150020,DEFM14A,2015-12-29,https://www.sec.gov/Archives/edgar/data/17485/0001193125-15-416222-index.htm,ok
life-time-fitness,LIFE TIME FITNESS INC,2730659020,DEFM14A,2015-04-30,https://www.sec.gov/Archives/edgar/data/1076195/0001193125-15-159395-index.htm,ok
lmi-aerospace,L M I AEROSPACE INC,3071406020,DEFM14A,2017-04-24,https://www.sec.gov/Archives/edgar/data/1059562/0001626129-17-000284-index.htm,ok
logmein,LOGMEIN INC,3477609020,DEFM14A,2020-02-07,https://www.sec.gov/Archives/edgar/data/1420302/0001193125-20-028161-index.htm,ok
lumos-networks,LUMOS NETWORKS CORP,3072151020,DEFM14A,2017-04-21,https://www.sec.gov/Archives/edgar/data/1520744/0001193125-17-132808-index.htm,ok
lydall,LYDALL INC,3759141020,DEFM14A,2021-08-10,https://www.sec.gov/Archives/edgar/data/60977/0001104659-21-102941-index.htm,ok
mac-gray,MAC GRAY CORP,2575867020,DEFM14A,2013-12-04,https://www.sec.gov/Archives/edgar/data/1038280/0001047469-13-010973-index.htm,ok
magma-design-automation,MAGMA DESIGN AUTOMATION INC,2367106020,DEFM14A,2012-01-10,https://www.sec.gov/Archives/edgar/data/1065034/0001193125-12-007186-index.htm,ok
maidenform-brands,MAIDENFORM BRANDS INC,2549430020,DEFM14A,2013-08-27,https://www.sec.gov/Archives/edgar/data/1323531/0001047469-13-008701-index.htm,ok
majesco,MAJESCO,3610350020,DEFM14A,2020-08-24,https://www.sec.gov/Archives/edgar/data/1626853/0001213900-20-023369-index.htm,ok
marketo,MARKETO INC,2965102020,DEFM14A,2016-06-29,https://www.sec.gov/Archives/edgar/data/1490660/0001047469-16-014075-index.htm,ok
material-sciences,MATERIAL SCIENCES CORP,2600511020,DEFM14A,2014-02-20,https://www.sec.gov/Archives/edgar/data/755003/0001193125-14-059806-index.htm,ok
mattson-technology,MATTSON TECHNOLOGY INC,2825693020,DEFM14A,2016-02-17,https://www.sec.gov/Archives/edgar/data/928421/0001193125-16-467290-index.htm,ok
mcafee,MCAFEE CORP,3824126020,DEFM14A,2022-01-04,https://www.sec.gov/Archives/edgar/data/1783317/0001193125-22-001754-index.htm,ok
mead-johnson-nutrition,MEAD JOHNSON NUTRITION CO,3066153020,DEFM14A,2017-04-27,https://www.sec.gov/Archives/edgar/data/1452575/0001047469-17-002975-index.htm,ok
meade-instruments,MEADE INSTRUMENTS CORP,2549795020,DEFM14A,2013-08-16,https://www.sec.gov/Archives/edgar/data/1032067/0001193125-13-337054-index.htm,ok
measurement-specialties,MEASUREMENT SPECIALTIES INC,2647568020,DEFM14A,2014-07-24,https://www.sec.gov/Archives/edgar/data/778734/0001144204-14-044781-index.htm,ok
medassets,MEDASSETS INC,2816473020,DEFM14A,2015-12-04,https://www.sec.gov/Archives/edgar/data/1254419/0001193125-15-395518-index.htm,ok
medical-action-inds,MEDICAL ACTION INDS INC,2650050020,DEFM14A,2014-08-25,https://www.sec.gov/Archives/edgar/data/748270/0001171843-14-004071-index.htm,ok
medicis-pharmaceutical,MEDICIS PHARMACEUTICAL CORP,2335721020,DEFM14A,2012-11-05,https://www.sec.gov/Archives/edgar/data/859368/0001193125-12-450354-index.htm,ok
medidata-solutions,MEDIDATA SOLUTIONS INC,3411723020,DEFM14A,2019-07-19,https://www.sec.gov/Archives/edgar/data/1453814/0001140361-19-013217-index.htm,ok
medivation,MEDIVATION INC,2953946020,SC TO-T,2016-08-30,https://www.sec.gov/Archives/edgar/data/1011835/0001193125-16-696889-index.htm,ok
mediware-information-sys,MEDIWARE INFORMATION SYS INC,2449695020,DEFM14A,2012-10-09,https://www.sec.gov/Archives/edgar/data/874733/0001437749-12-010164-index.htm,ok
medtox-scientific,MEDTOX SCIENTIFIC INC,2421419020,DEFM14A,2012-06-27,https://www.sec.gov/Archives/edgar/data/739944/0001193125-12-285446-index.htm,ok
mentor-graphics,MENTOR GRAPHICS CORP,3035206020,DEFM14A,2017-01-04,https://www.sec.gov/Archives/edgar/data/701811/0001193125-17-000979-index.htm,ok
meredith,MEREDITH CORP,3736127020,DEFM14A,2021-11-08,https://www.sec.gov/Archives/edgar/data/65011/0001193125-21-323133-index.htm,ok
metropolitan-health-networks,METROPOLITAN HEALTH NETWORKS INC,2465162020,DEFM14A,2012-11-26,https://www.sec.gov/Archives/edgar/data/1009379/0001193125-12-480049-index.htm,ok
mgc-diagnostics,M G C DIAGNOSTICS CORP,3182555020,SC TO-T,2017-11-29,https://www.sec.gov/Archives/edgar/data/815093/0000930413-17-003888-index.htm,ok
micronetics,MICRONETICS INC,2423472020,DEFM14A,2012-07-10,https://www.sec.gov/Archives/edgar/data/820097/0001193125-12-298618-index.htm,ok
microsemi,MICROSEMI CORP,3216919020,DEFM14A,2018-04-19,https://www.sec.gov/Archives/edgar/data/310568/0001144204-18-021362-index.htm,ok
mindbody,MINDBODY INC,3326051020,DEFM14A,2019-01-23,https://www.sec.gov/Archives/edgar/data/1458962/0001193125-19-014341-index.htm,ok
mobileiron,MOBILEIRON INC,3641895020,DEFM14A,2020-10-26,https://www.sec.gov/Archives/edgar/data/1470099/0001140361-20-023709-index.htm,ok
molex,MOLEX INC,2564516020,DEFM14A,2013-10-16,https://www.sec.gov/Archives/edgar/data/67472/0001047469-13-009677-index.htm,ok
monotype-imaging-holdings,MONOTYPE IMAGING HOLDINGS INC,3434672020,DEFM14A,2019-09-09,https://www.sec.gov/Archives/edgar/data/1385292/0001193125-19-240539-index.htm,ok
mtr-gaming-group,M T R GAMING GROUP,2564589020,DEFM14A,2014-06-18,https://www.sec.gov/Archives/edgar/data/834162/0001047469-14-005682-index.htm,ok
multi-fineline-electronix,MULTI FINELINE ELECTRONIX INC,2918133020,DEFM14A,2016-04-28,https://www.sec.gov/Archives/edgar/data/830916/0001193125-16-564262-index.htm,ok
multimedia-games-holding,MULTIMEDIA GAMES HOLDING CO INC,2672104020,DEFM14A,2014-10-22,https://www.sec.gov/Archives/edgar/data/896400/0001047469-14-008440-index.htm,ok
nanosphere,NANOSPHERE INC,2958757020,SC TO-T,2016-06-02,https://www.sec.gov/Archives/edgar/data/1105184/0001193125-16-610272-index.htm,ok
national-technical-sys,NATIONAL TECHNICAL SYS INC,2558745020,DEFM14A,2013-10-28,https://www.sec.gov/Archives/edgar/data/110536/0001193125-13-412717-index.htm,ok
neophotonics,NEOPHOTONICS CORP,3823769020,DEFM14A,2021-12-23,https://www.sec.gov/Archives/edgar/data/1227025/0001193125-21-366285-index.htm,ok
netlogic-microsystems,NETLOGIC MICROSYSTEMS INC,2343992020,DEFM14A,2011-10-21,https://www.sec.gov/Archives/edgar/data/1135711/0001193125-11-276443-index.htm,ok
network-equipment-technologies,NETWORK EQUIPMENT TECHNOLOGIES,2426091020,DEFM14A,2012-07-24,https://www.sec.gov/Archives/edgar/data/752431/0001193125-12-310931-index.htm,ok
nevada-gold-casinos,NEVADA GOLD & CASINOS INC,3289452020,DEFM14A,2019-01-25,https://www.sec.gov/Archives/edgar/data/277058/0001144204-19-002713-index.htm,ok
newport,NEWPORT CORP,2923022020,DEFM14A,2016-03-29,https://www.sec.gov/Archives/edgar/data/225263/0001047469-16-011706-index.htm,ok
nic,N I C INC,3696589020,DEFM14A,2021-03-17,https://www.sec.gov/Archives/edgar/data/1065332/0001140361-21-008824-index.htm,ok
novell,NOVELL INC,2241601020,DEFM14A,2011-01-14,https://www.sec.gov/Archives/edgar/data/758004/0001193125-11-008402-index.htm,ok
ntelos-holdings,NTELOS HOLDINGS CORP,2790293020,DEFM14A,2015-10-13,https://www.sec.gov/Archives/edgar/data/1328571/0001193125-15-342667-index.htm,ok
nupathe,NUPATHE INC,2600365020,SC TO-T,2013-12-23,https://www.sec.gov/Archives/edgar/data/1375200/0001047469-13-011365-index.htm,ok
nutraceutical-international,NUTRACEUTICAL INTERNATIONAL CORP,3105596020,DEFM14A,2017-07-24,https://www.sec.gov/Archives/edgar/data/1050007/0001047469-17-004735-index.htm,ok
nv-energy,NV ENERGY INC,2525574020,DEFM14A,2013-08-20,https://www.sec.gov/Archives/edgar/data/741508/0001193125-13-340806-index.htm,ok
om-group,O M GROUP INC,2757698020,DEFM14A,2015-07-10,https://www.sec.gov/Archives/edgar/data/899723/0001193125-15-250362-index.htm,ok
omnicare,OMNICARE INC,2746063020,DEFM14A,2015-07-21,https://www.sec.gov/Archives/edgar/data/353230/0001047469-15-006208-index.htm,ok
omnivision-technologies,OMNIVISION TECHNOLOGIES INC,2664497020,DEFM14A,2015-06-10,https://www.sec.gov/Archives/edgar/data/1106851/0001047469-15-005341-index.htm,ok
omnova-solutions,OMNOVA SOLUTIONS INC,3424619020,DEFM14A,2019-09-09,https://www.sec.gov/Archives/edgar/data/1090061/0001193125-19-240538-index.htm,ok
optelecom-nkf,OPTELECOM N K F INC,2238452020,DEFM14A,2010-12-20,https://www.sec.gov/Archives/edgar/data/275858/0001047469-10-010505-index.htm,ok
orbcomm,ORBCOMM INC,3723627020,DEFM14A,2021-05-27,https://www.sec.gov/Archives/edgar/data/1361983/0001193125-21-175415-index.htm,ok
orbital-atk,ORBITAL A T K INC,3151271020,DEFM14A,2017-10-25,https://www.sec.gov/Archives/edgar/data/866121/0001047469-17-006525-index.htm,ok
orbitz-worldwide,ORBITZ WORLDWIDE INC,2717312020,DEFM14A,2015-04-10,https://www.sec.gov/Archives/edgar/data/1394159/0001193125-15-124608-index.htm,ok
outerwall,OUTERWALL INC,2987124020,SC TO-T,2016-08-05,https://www.sec.gov/Archives/edgar/data/941604/0001193125-16-672627-index.htm,review: 2 target names
overhill-farms,OVERHILL FARMS INC,2505913020,DEFM14A,2013-07-01,https://www.sec.gov/Archives/edgar/data/1101020/0001193125-13-277811-index.htm,ok
pall,PALL CORP,2751561020,DEFM14A,2015-06-26,https://www.sec.gov/Archives/edgar/data/75829/0001193125-15-236154-index.htm,ok
par-pharmaceutical-companies,PAR PHARMACEUTICAL COMPANIES INC,1906508020,DEFM14A,2012-08-27,https://www.sec.gov/Archives/edgar/data/878088/0001193125-12-368964-index.htm,ok
pattern-energy-group,PATTERN ENERGY GROUP INC,3472883020,DEFM14A,2020-02-04,https://www.sec.gov/Archives/edgar/data/1561660/0001193125-20-024256-index.htm,ok
peets-coffee-and-tea,PEETS COFFEE AND TEA INC,2435861020,DEFM14A,2012-10-04,https://www.sec.gov/Archives/edgar/data/917968/0001193125-12-414540-index.htm,ok
penford,PENFORD CORP,2685880020,DEFM14A,2014-12-29,https://www.sec.gov/Archives/edgar/data/739608/0001193125-14-455030-index.htm,ok
pepco-holdings,PEPCO HOLDINGS INC,2632713020,DEFM14A,2014-08-12,https://www.sec.gov/Archives/edgar/data/1135971/0001571049-14-003924-index.htm,ok
peregrine-semiconductor,PEREGRINE SEMICONDUCTOR CORP,2666755020,DEFM14A,2014-10-16,https://www.sec.gov/Archives/edgar/data/880177/0000880177-14-000142-index.htm,ok
performance-technologies,PERFORMANCE TECHNOLOGIES INC,2593060020,DEFM14A,2014-01-15,https://www.sec.gov/Archives/edgar/data/1003950/0001193125-14-012078-index.htm,ok
pericom-semiconductor,PERICOM SEMICONDUCTOR CORP,2797839020,DEFM14A,2015-10-30,https://www.sec.gov/Archives/edgar/data/1001426/0001193125-15-360289-index.htm,ok
perspecta,PERSPECTA INC,3691360020,DEFM14A,2021-04-02,https://www.sec.gov/Archives/edgar/data/1724670/0001140361-21-011429-index.htm,ok
pervasive-software,PERVASIVE SOFTWARE INC,2441693020,DEFM14A,2013-03-26,https://www.sec.gov/Archives/edgar/data/1042821/0001193125-13-126130-index.htm,ok
petsmart,PETSMART INC,2665787020,DEFM14A,2015-02-02,https://www.sec.gov/Archives/edgar/data/863157/0001571049-15-000695-index.htm,ok
pf-changs-china-bistro,P F CHANGS CHINA BISTRO INC,2410361020,PREM14A,2012-05-15,https://www.sec.gov/Archives/edgar/data/1039889/0001193125-12-235046-index.htm,ok
pharmaceutical-product-dev,PHARMACEUTICAL PRODUCT DEV INC,2337062020,DEFM14A,2011-10-28,https://www.sec.gov/Archives/edgar/data/1003124/0001193125-11-285577-index.htm,ok
pharmerica,PHARMERICA CORP,3134012020,DEFM14A,2017-10-03,https://www.sec.gov/Archives/edgar/data/1388195/0001567619-17-002126-index.htm,ok
physicians-formula-holdings,PHYSICIANS FORMULA HOLDINGS INC,2454650020,DEFM14A,2012-10-15,https://www.sec.gov/Archives/edgar/data/1269871/0001104659-12-069114-index.htm,ok
piedmont-natural-gas,PIEDMONT NATURAL GAS INC,2814297020,DEFM14A,2015-12-14,https://www.sec.gov/Archives/edgar/data/78460/0001193125-15-402439-index.htm,ok
pike,PIKE CORP,2661170020,DEFM14A,2014-11-18,https://www.sec.gov/Archives/edgar/data/1317577/0001193125-14-416527-index.htm,ok
pluralsight,PLURALSIGHT INC,3672596020,DEFM14A,2021-01-29,https://www.sec.gov/Archives/edgar/data/1725579/0001193125-21-021711-index.htm,ok
pokertek,POKERTEK INC,2632957020,DEFM14A,2014-06-19,https://www.sec.gov/Archives/edgar/data/1302177/0001445866-14-000792-index.htm,ok
polypore-international,POLYPORE INTERNATIONAL INC,2726670020,DEFM14A,2015-04-08,https://www.sec.gov/Archives/edgar/data/1292556/0001193125-15-121651-index.htm,review: 2 target names
powersecure-international,POWERSECURE INTERNATIONAL INC,2923722020,DEFM14A,2016-04-07,https://www.sec.gov/Archives/edgar/data/882154/0001193125-16-533862-index.htm,ok
premiere-global-services,PREMIERE GLOBAL SERVICES INC,2799523020,DEFM14A,2015-10-26,https://www.sec.gov/Archives/edgar/data/880804/0001193125-15-352749-index.htm,ok
presidio,PRESIDIO INC,3441398020,DEFM14A,2019-10-07,https://www.sec.gov/Archives/edgar/data/1631825/0001193125-19-263069-index.htm,ok
press-ganey-holdings,PRESS GANEY HOLDINGS INC,2992876020,DEFM14A,2016-09-20,https://www.sec.gov/Archives/edgar/data/1633142/0001047469-16-015574-index.htm,ok
presstek,PRESSTEK INC,2444291020,PREM14A,2012-09-13,https://www.sec.gov/Archives/edgar/data/846876/0000914760-12-000089-index.htm,review: 2 target names
prgx-global,P R G X GLOBAL INC,3680236020,DEFM14A,2021-01-29,https://www.sec.gov/Archives/edgar/data/1007330/0001193125-21-022606-index.htm,ok
proofpoint,PROOFPOINT INC,3732887020,DEFM14A,2021-06-14,https://www.sec.gov/Archives/edgar/data/1212458/0001140361-21-020729-index.htm,ok
providence-worcester,PROVIDENCE & WORCESTER RR CO,2994881020,DEFM14A,2016-09-20,https://www.sec.gov/Archives/edgar/data/831968/0001193125-16-713780-index.htm,ok
pss-world-medical,PSS WORLD MEDICAL INC,2462619020,DEFM14A,2013-01-16,https://www.sec.gov/Archives/edgar/data/920527/0001193125-13-014730-index.htm,ok
qad,QAD INC,3763846020,DEFM14A,2021-09-09,https://www.sec.gov/Archives/edgar/data/1036188/0001104659-21-113961-index.htm,ok
qlik-technologies,QLIK TECHNOLOGIES INC,2966200020,DEFM14A,2016-07-06,https://www.sec.gov/Archives/edgar/data/1305294/0001193125-16-642539-index.htm,ok
qts-realty-trust,Q T S REALTY TRUST INC,3751041020,DEFM14A,2021-07-21,https://www.sec.gov/Archives/edgar/data/1577368/0001104659-21-094232-index.htm,ok
quest-software,QUEST SOFTWARE INC,2418554020,DEFM14A,2012-08-24,https://www.sec.gov/Archives/edgar/data/1088033/0001193125-12-367137-index.htm,ok
questar,QUESTAR CORP,2915467020,DEFM14A,2016-04-05,https://www.sec.gov/Archives/edgar/data/751652/0001193125-16-530920-index.htm,ok
ra-pharmaceuticals,R A PHARMACEUTICALS INC,3464147020,DEFM14A,2019-11-15,https://www.sec.gov/Archives/edgar/data/1481512/0001047469-19-006321-index.htm,ok
rackspace-hosting,RACKSPACE HOSTING INC,2991851020,DEFM14A,2016-09-30,https://www.sec.gov/Archives/edgar/data/1107694/0001047469-16-015832-index.htm,ok
radisys,RADISYS CORP,3262565020,DEFM14A,2018-08-10,https://www.sec.gov/Archives/edgar/data/873044/0001193125-18-246139-index.htm,ok
ramtron-international,RAMTRON INTERNATIONAL CORP,2424013020,DEFM14A,2012-10-29,https://www.sec.gov/Archives/edgar/data/849502/0001193125-12-439800-index.htm,review: 2 target names
raven-industries,RAVEN INDUSTRIES INC,3758870020,DEFM14A,2021-08-06,https://www.sec.gov/Archives/edgar/data/82166/0000950103-21-012056-index.htm,ok
reald,REALD INC,2818449020,DEFM14A,2016-01-15,https://www.sec.gov/Archives/edgar/data/1327471/0001047469-16-009708-index.htm,ok
red-hat,RED HAT INC,3303665020,DEFM14A,2018-12-12,https://www.sec.gov/Archives/edgar/data/1087423/0001193125-18-347874-index.htm,ok
red-lion-hotels,RED LION HOTELS CORP,3683285020,DEFM14A,2021-02-09,https://www.sec.gov/Archives/edgar/data/1052595/0001193125-21-033478-index.htm,ok
renaissance-learning,RENAISSANCE LEARNING INC,2337312020,DEFM14A,2011-09-12,https://www.sec.gov/Archives/edgar/data/1030484/0001193125-11-245988-index.htm,ok
rf-monolithics,R F MONOLITHICS INC,2405728020,DEFM14A,2012-05-30,https://www.sec.gov/Archives/edgar/data/922204/0001193125-12-252188-index.htm,ok
rightnow-technologies,RIGHTNOW TECHNOLOGIES INC,2355904020,DEFM14A,2011-11-21,https://www.sec.gov/Archives/edgar/data/1111247/0001193125-11-318451-index.htm,ok
riverbed-technology,RIVERBED TECHNOLOGY INC,2706298020,DEFM14A,2015-01-20,https://www.sec.gov/Archives/edgar/data/1357326/0001193125-15-014961-index.htm,ok
rmg-networks-holding,R M G NETWORKS HOLDING CORP,3230951020,DEFM14A,2018-09-06,https://www.sec.gov/Archives/edgar/data/1512074/0001047469-18-005998-index.htm,review: 2 target names
roan-resources,ROAN RESOURCES INC,3388567020,DEFM14A,2019-11-04,https://www.sec.gov/Archives/edgar/data/1326428/0001193125-19-282448-index.htm,ok
robbins-myers,ROBBINS & MYERS INC,2440795020,DEFM14A,2012-11-30,https://www.sec.gov/Archives/edgar/data/84290/0001193125-12-487648-index.htm,ok
rochester-medical,ROCHESTER MEDICAL CORP,2563518020,DEFM14A,2013-10-11,https://www.sec.gov/Archives/edgar/data/868368/0001047469-13-009613-index.htm,ok
rofin-sinar-technologies,ROFIN SINAR TECHNOLOGIES INC,2934795020,DEFM14A,2016-05-25,https://www.sec.gov/Archives/edgar/data/1019361/0001571049-16-015521-index.htm,ok
rural-metro,RURAL METRO CORP,2294250020,DEFM14A,2011-05-26,https://www.sec.gov/Archives/edgar/data/906326/0001047469-11-005543-index.htm,ok
saks,SAKS INC,2523633020,DEFM14A,2013-10-03,https://www.sec.gov/Archives/edgar/data/812900/0001193125-13-390275-index.htm,ok
sanderson-farms,SANDERSON FARMS INC,3759756020,DEFM14A,2021-09-13,https://www.sec.gov/Archives/edgar/data/812128/0001193125-21-270957-index.htm,ok
seacor-holdings,SEACOR HOLDINGS INC,3669464020,SC TO-T,2020-12-18,https://www.sec.gov/Archives/edgar/data/859598/0001193125-20-320705-index.htm,review: 2 target names
seacube-container-leasing,SEACUBE CONTAINER LEASING LTD,2488748020,DEFM14A,2013-03-21,https://www.sec.gov/Archives/edgar/data/1487999/0001193125-13-118435-index.htm,ok
seracare-life-sciences,SERACARE LIFE SCIENCES INC NEW,2333751020,DEFM14A,2012-03-13,https://www.sec.gov/Archives/edgar/data/1156295/0001144204-12-014522-index.htm,ok
sharpspring,SHARPSPRING INC,3760797020,DEFM14A,2021-07-30,https://www.sec.gov/Archives/edgar/data/1506439/0001104659-21-098124-index.htm,ok
shfl-entertainment,S H F L ENTERTAINMENT INC,2547011020,DEFM14A,2013-10-16,https://www.sec.gov/Archives/edgar/data/718789/0001193125-13-400478-index.htm,ok
shutterfly,SHUTTERFLY INC,3409719020,DEFM14A,2019-07-30,https://www.sec.gov/Archives/edgar/data/1125920/0001193125-19-207019-index.htm,ok
silver-spring-networks,SILVER SPRING NETWORKS INC,3151793020,DEFM14A,2017-11-16,https://www.sec.gov/Archives/edgar/data/1180079/0001567619-17-002340-index.htm,ok
silverleaf-resorts,SILVERLEAF RESORTS INC,2277585020,DEFM14A,2011-04-18,https://www.sec.gov/Archives/edgar/data/1033032/0001193125-11-100804-index.htm,ok
snyders-lance,SNYDERS LANCE INC,3191803020,DEFM14A,2018-02-20,https://www.sec.gov/Archives/edgar/data/57528/0001174947-18-000230-index.htm,ok
solarwinds,SOLARWINDS INC,2813078020,DEFM14A,2015-12-15,https://www.sec.gov/Archives/edgar/data/1428669/0001047469-15-009226-index.htm,ok
solera-holdings,SOLERA HOLDINGS INC,2799502020,DEFM14A,2015-10-30,https://www.sec.gov/Archives/edgar/data/1324245/0001193125-15-358636-index.htm,ok
soliton,SOLITON INC,3738569020,DEFM14A,2021-06-15,https://www.sec.gov/Archives/edgar/data/1548187/0001193125-21-190572-index.htm,ok
sonesta-international-hotels-cp,SONESTA INTERNATIONAL HOTELS CP,2359288020,PREM14A,2011-11-10,https://www.sec.gov/Archives/edgar/data/91741/0001140361-11-052949-index.htm,ok
sonic,SONIC CORP,3292416020,DEFM14A,2018-11-05,https://www.sec.gov/Archives/edgar/data/868611/0001193125-18-317764-index.htm,ok
sothebys,SOTHEBYS,3416224020,DEFM14A,2019-08-07,https://www.sec.gov/Archives/edgar/data/823094/0001193125-19-214671-index.htm,ok
span-america-medical-systems,SPAN AMERICA MEDICAL SYSTEMS INC,3098366020,SC TO-T,2017-05-17,https://www.sec.gov/Archives/edgar/data/718924/0001133796-17-000070-index.htm,ok
sparton,SPARTON CORP,3321607020,DEFM14A,2017-08-29,https://www.sec.gov/Archives/edgar/data/92679/0001193125-17-271966-index.htm,ok
spectrum-control,SPECTRUM CONTROL INC,2294228020,DEFM14A,2011-05-04,https://www.sec.gov/Archives/edgar/data/92769/0001193125-11-126052-index.htm,ok
sport-chalet,SPORT CHALET INC,2651932020,PREM14A,2014-08-05,https://www.sec.gov/Archives/edgar/data/892907/0001193125-14-296028-index.htm,review: 2 target names
sra-international,S R A INTERNATIONAL INC,2274152020,DEFM14A,2011-06-15,https://www.sec.gov/Archives/edgar/data/906192/0000950123-11-059128-index.htm,ok
standard-microsystems,STANDARD MICROSYSTEMS CORP,2410769020,DEFM14A,2012-05-31,https://www.sec.gov/Archives/edgar/data/93384/0001140361-12-028063-index.htm,ok
staples,STAPLES INC,3088971020,DEFM14A,2017-08-03,https://www.sec.gov/Archives/edgar/data/791519/0001047469-17-004941-index.htm,ok
stec,S T E C INC,2532345020,DEFM14A,2013-08-08,https://www.sec.gov/Archives/edgar/data/1102741/0001193125-13-325730-index.htm,ok
sunrise-senior-living,SUNRISE SENIOR LIVING INC,2444025020,DEFM14A,2012-12-05,https://www.sec.gov/Archives/edgar/data/1011064/0001047469-12-010992-index.htm,ok
supertex,SUPERTEX INC,2608983020,DEFM14A,2014-03-10,https://www.sec.gov/Archives/edgar/data/730000/0001193125-14-089738-index.htm,ok
supervalu,SUPERVALU INC,3270917020,DEFM14A,2018-09-18,https://www.sec.gov/Archives/edgar/data/95521/0001140361-18-038679-index.htm,ok
surewest-communications,SUREWEST COMMUNICATIONS,2385965020,DEFM14A,2012-04-27,https://www.sec.gov/Archives/edgar/data/943117/0001206774-12-001734-index.htm,ok
sykes-enterprises,SYKES ENTERPRISES INC,3758043020,DEFM14A,2021-07-26,https://www.sec.gov/Archives/edgar/data/1010612/0001193125-21-223651-index.htm,ok
synacor,SYNACOR INC,3697458020,SC TO-T,2021-03-03,https://www.sec.gov/Archives/edgar/data/1408278/0001193125-21-066447-index.htm,ok
syntel,SYNTEL INC,3269390020,DEFM14A,2018-08-28,https://www.sec.gov/Archives/edgar/data/1040426/0001193125-18-259483-index.htm,ok
talend,TALEND SA,3708768020,DEFM14A,2021-06-21,https://www.sec.gov/Archives/edgar/data/1668105/0001104659-21-082910-index.htm,ok
taleo,TALEO CORP,2387094020,DEFM14A,2012-03-06,https://www.sec.gov/Archives/edgar/data/1134203/0001193125-12-099365-index.htm,ok
tech-data,TECH DATA CORP,3466097020,DEFM14A,2020-01-10,https://www.sec.gov/Archives/edgar/data/790703/0001193125-20-005107-index.htm,ok
teco-energy,T E C O ENERGY INC,2777059020,DEFM14A,2015-10-22,https://www.sec.gov/Archives/edgar/data/350563/0001193125-15-350322-index.htm,ok
tekelec,TEKELEC,2359907020,DEFM14A,2011-12-19,https://www.sec.gov/Archives/edgar/data/790705/0001193125-11-345093-index.htm,ok
telenav,TELENAV INC,3655883020,DEFM14A,2021-01-08,https://www.sec.gov/Archives/edgar/data/1474439/0001193125-21-004630-index.htm,ok
theragenics,THERAGENICS CORP,2521135020,DEFM14A,2013-09-17,https://www.sec.gov/Archives/edgar/data/795551/0001571049-13-000745-index.htm,ok
thomas-betts,THOMAS & BETTS CORP,2383719020,DEFM14A,2012-03-30,https://www.sec.gov/Archives/edgar/data/97854/0001193125-12-144063-index.htm,ok
tibco-software,T I B C O SOFTWARE INC,2662338020,DEFM14A,2014-10-29,https://www.sec.gov/Archives/edgar/data/1085280/0001193125-14-385947-index.htm,ok
tollgrade-communications,TOLLGRADE COMMUNICATIONS INC,2283147020,DEFM14A,2011-04-01,https://www.sec.gov/Archives/edgar/data/1002531/0000950123-11-031705-index.htm,ok
transcend-services,TRANSCEND SERVICES INC,2394814020,SC TO-T,2012-03-20,https://www.sec.gov/Archives/edgar/data/858452/0001193125-12-123549-index.htm,ok
trc-companies,T R C COMPANIES INC,3087888020,DEFM14A,2017-05-08,https://www.sec.gov/Archives/edgar/data/103096/0001047469-17-003253-index.htm,ok
true-religion-apparel,TRUE RELIGION APPAREL INC,2458271020,DEFM14A,2013-06-27,https://www.sec.gov/Archives/edgar/data/1160858/0001047469-13-007259-index.htm,ok
tubemogul,TUBEMOGUL INC,3034315020,SC TO-T,2016-11-18,https://www.sec.gov/Archives/edgar/data/1449278/0001047469-16-016817-index.htm,review: 2 target names
ultimate-software-group,ULTIMATE SOFTWARE GROUP,3342283020,DEFM14A,2019-03-26,https://www.sec.gov/Archives/edgar/data/1016125/0001140361-19-005654-index.htm,ok
union-drilling,UNION DRILLING INC,2453655020,PREM14A,2012-10-09,https://www.sec.gov/Archives/edgar/data/1133260/0001193125-12-418759-index.htm,ok
uqm-technologies,U Q M TECHNOLOGIES INC,3336550020,DEFM14A,2019-03-07,https://www.sec.gov/Archives/edgar/data/315449/0001047469-19-000999-index.htm,ok
us-concrete,U S CONCRETE INC,3751027020,DEFM14A,2021-07-13,https://www.sec.gov/Archives/edgar/data/1073429/0001193125-21-214153-index.htm,ok
us-geothermal,U S GEOTHERMAL INC,3205792020,DEFM14A,2018-03-20,https://www.sec.gov/Archives/edgar/data/1172136/0001062993-18-001265-index.htm,ok
uti-worldwide,U T I WORLDWIDE INC,2809995020,DEFM14A,2015-12-04,https://www.sec.gov/Archives/edgar/data/1124827/0001193125-15-395426-index.htm,ok
valpey-fisher,VALPEY FISHER CORP,2363490020,DEFM14A,2011-12-20,https://www.sec.gov/Archives/edgar/data/85608/0001157523-11-007264-index.htm,ok
valspar,VALSPAR CORP,2936217020,DEFM14A,2016-05-25,https://www.sec.gov/Archives/edgar/data/102741/0001193125-16-602436-index.htm,ok
varian-medical-systems,VARIAN MEDICAL SYSTEMS INC,3615976020,DEFM14A,2020-09-14,https://www.sec.gov/Archives/edgar/data/203527/0001193125-20-244789-index.htm,ok
vcg-holding,V C G HOLDING CORP,2124540020,DEFM14A,2011-03-18,https://www.sec.gov/Archives/edgar/data/1172852/0000950123-11-026872-index.htm,ok
vectren,VECTREN CORP,3237507020,DEFM14A,2018-07-16,https://www.sec.gov/Archives/edgar/data/1096385/0001193125-18-218284-index.htm,ok
verifone-systems,VERIFONE SYSTEMS INC,3232848020,DEFM14A,2018-05-21,https://www.sec.gov/Archives/edgar/data/1312073/0001193125-18-169570-index.htm,ok
versant,VERSANT CORP,2470514020,DEFM14A,2012-11-30,https://www.sec.gov/Archives/edgar/data/865917/0000865917-12-000062-index.htm,ok
verso,VERSO CORP,3848920020,DEFM14A,2022-02-08,https://www.sec.gov/Archives/edgar/data/1421182/0001140361-22-004143-index.htm,ok
virtusa,VIRTUSA CORP,3632732020,DEFM14A,2020-10-20,https://www.sec.gov/Archives/edgar/data/1207074/0001104659-20-116258-index.htm,ok
volterra-semiconductor,VOLTERRA SEMICONDUCTOR CORP,2558355020,SC TO-T,2013-08-30,https://www.sec.gov/Archives/edgar/data/1050550/0001193125-13-352895-index.htm,ok
vonage-holdings,VONAGE HOLDINGS CORP,3833953020,DEFM14A,2022-01-10,https://www.sec.gov/Archives/edgar/data/1272830/0001193125-22-004990-index.htm,ok
vwr,V W R CORP,3099737020,DEFM14A,2017-06-14,https://www.sec.gov/Archives/edgar/data/1412232/0001193125-17-202703-index.htm,ok
wafergen-bio-systems,WAFERGEN BIO SYSTEMS INC,2957942020,DEFM14A,2016-09-15,https://www.sec.gov/Archives/edgar/data/1368993/0001368993-16-000148-index.htm,review: 1 usable of 2 links
wageworks,WAGEWORKS INC,3387125020,DEFM14A,2019-07-29,https://www.sec.gov/Archives/edgar/data/1158863/0001193125-19-204872-index.htm,ok
websense,WEBSENSE INC,2290884020,PREM14A,2013-06-04,https://www.sec.gov/Archives/edgar/data/1098277/0001193125-13-245642-index.htm,ok
wesco-aircraft-holdings,WESCO AIRCRAFT HOLDINGS INC,3422324020,DEFM14A,2019-09-13,https://www.sec.gov/Archives/edgar/data/1378718/0001047469-19-005228-index.htm,ok
west,WEST CORP,3098110020,DEFM14A,2017-06-27,https://www.sec.gov/Archives/edgar/data/1024657/0001193125-17-215084-index.htm,ok
west-marine,WEST MARINE INC,3121483020,DEFM14A,2017-08-11,https://www.sec.gov/Archives/edgar/data/912833/0001144204-17-042353-index.htm,ok
winn-dixie-stores,WINN DIXIE STORES INC,2372537020,DEFM14A,2012-02-03,https://www.sec.gov/Archives/edgar/data/107681/0001193125-12-039067-index.htm,ok
wms-industries,W M S INDUSTRIES INC,2492128020,DEFM14A,2013-04-09,https://www.sec.gov/Archives/edgar/data/350077/0001193125-13-146696-index.htm,ok
xactly,XACTLY CORP,3108886020,DEFM14A,2017-06-29,https://www.sec.gov/Archives/edgar/data/1322554/0001193125-17-217331-index.htm,ok
xrs,X R S CORP,2670080020,DEFM14A,2014-09-29,https://www.sec.gov/Archives/edgar/data/854398/0001193125-14-357121-index.htm,ok
young-innovations,YOUNG INNOVATIONS INC,2473757020,DEFM14A,2013-01-03,https://www.sec.gov/Archives/edgar/data/949874/0001193125-13-002467-index.htm,ok
zayo-group-holdings,ZAYO GROUP HOLDINGS INC,3381637020,DEFM14A,2019-06-26,https://www.sec.gov/Archives/edgar/data/1608249/0001140361-19-011577-index.htm,review: 1 usable of 2 links
zeltiq-aesthetics,ZELTIQ AESTHETICS INC,3069564020,DEFM14A,2017-03-23,https://www.sec.gov/Archives/edgar/data/1415336/0001193125-17-093823-index.htm,ok
zep,ZEP INC,2741377020,DEFM14A,2015-05-26,https://www.sec.gov/Archives/edgar/data/1408287/0001047469-15-004989-index.htm,ok
zipcar,ZIPCAR INC,2483341020,DEFM14A,2013-02-04,https://www.sec.gov/Archives/edgar/data/1131457/0001193125-13-036861-index.htm,ok
zoes-kitchen,ZOES KITCHEN INC,3278207020,DEFM14A,2018-10-09,https://www.sec.gov/Archives/edgar/data/1594879/0001047469-18-006635-index.htm,ok
zoltek-companies,ZOLTEK COMPANIES INC,2568759020,DEFM14A,2013-12-11,https://www.sec.gov/Archives/edgar/data/890923/0001437749-13-015866-index.htm,ok
zygo,ZYGO CORP,2627950020,DEFM14A,2014-05-21,https://www.sec.gov/Archives/edgar/data/730716/0000930413-14-002607-index.htm,ok
