runset	variant	deal	rows	rounds(opened)	NDA_count_sum	bid_rows	formal/informal/other	cond H/L/N/other	reaffirmed	exit_rows	exit_count_sum	inferred_exits	adviser_rows	date_inversions
run1	full	mac-gray	52	R1@06/24; R2@07/25; R3@09/11; R4@09/21	20	12	4/8/0	9/3/0/0	1	4	19	3	5	0
run2	full	mac-gray	55	R1@06/24; R2@08/27; R3@09/11; R4@09/24	20	12	4/8/0	9/3/0/0	1	4	19	3	6	0
run1	v15	mac-gray	49	R1@06/24; R2@07/25; R3@09/11; R4@09/24	20	13	4/9/0	9/3/0/1	1	4	19	3	3	0
run2	v15	mac-gray	50	R1@06/24; R2@07/25; R3@09/11; R4@09/21	20	13	4/9/0	10/3/0/0	1	4	19	3	5	0
run1	v18	mac-gray	51	R1@06/24; R2@07/25; R3@09/11; R4@09/19	20	13	4/9/0	10/3/0/0	1	4	19	3	8	0
run2	v18	mac-gray	49	R1@06/24; R2@07/25; R3@09/11	20	13	4/9/0	10/3/0/0	1	4	19	3	5	0
run1	full	petsmart	45	R1@10/01; R2@11/03	15	11	5/6/0	6/5/0/0	0	4	14	1	3	0
run2	full	petsmart	51	R1@10/01; R2@11/03	15	12	5/7/0	0/4/0/8	0	4	13	1	3	0
run1	v15	petsmart	45	R1@10/04; R2@11/03; R3@11/15	15	9	4/5/0	0/4/0/5	0	5	13	3	2	0
run2	v15	petsmart	49	R1@10/04; R2@11/03; R3@11/15	15	11	5/6/0	0/5/0/6	0	4	13	1	3	0
run1	v18	petsmart	45	R1@10/01; R2@11/03	15	10	5/5/0	0/5/0/5	0	4	13	1	2	0
run2	v18	petsmart	41	R1@10/04; R2@11/03	15	11	5/6/0	0/11/0/0	0	4	14	2	3	0
run1	full	providence-worcester	57	R1@03/28; R2@06/01; R3@07/27	26	14	7/7/0	11/3/0/0	2	12	27	3	4	0
run2	full	providence-worcester	60	R1@03/31; R2@06/01; R3@07/27	26	14	7/7/0	11/3/0/0	1	12	27	4	3	0
run1	v15	providence-worcester	53	R1@03/28; R2@06/15; R3@07/27	26	13	6/7/0	11/2/0/0	1	12	27	4	1	0
run2	v15	providence-worcester	57	R1@2016-03-28; R2@2016-06-15; R3@2016-07-27	26	13	6/7/0	11/2/0/0	0	12	27	2	3	0
run1	v18	providence-worcester	49	R1@03/31; R2@06/01; R3@07/27	26	13	6/7/0	11/2/0/0	0	11	27	6	3	0
run2	v18	providence-worcester	48	R1@03/31; R2@05/27; R3@07/27	26	14	7/7/0	11/2/1/0	1	11	27	2	3	0
